fecha,valor,max_abs,min_abs,completo_mediciones,completo_umbral
2019/01/01,1.539813,1.792976,1.274850,100.0,100.0
2019/01/02,1.624846,2.252529,1.255459,100.0,100.0
2019/01/03,1.586828,1.756188,1.348612,100.0,100.0
2019/01/04,1.532655,1.756188,1.346431,100.0,100.0
2019/01/05,1.487210,1.667139,1.322487,100.0,100.0
2019/01/06,1.483744,1.673957,1.309462,100.0,100.0
2019/01/07,1.488758,1.637655,1.307294,100.0,100.0
2019/01/08,1.453687,1.576747,1.370457,100.0,100.0
2019/01/09,1.359505,1.527449,1.255459,100.0,100.0
2019/01/10,1.333117,1.370457,1.251158,100.0,100.0
2019/01/11,1.374805,2.397836,1.261917,100.0,100.0
2019/01/12,1.507134,2.080519,1.242564,100.0,100.0
2019/01/13,1.650613,1.818352,1.405548,100.0,100.0
2019/01/14,1.525634,1.760778,1.361711,100.0,100.0
2019/01/15,1.611451,2.293522,1.348612,100.0,100.0
2019/01/16,1.471802,1.692165,1.302959,100.0,100.0
2019/01/17,1.388167,1.576747,1.274850,100.0,100.0
2019/01/18,1.284583,1.322487,1.238272,100.0,100.0
2019/01/19,1.350540,1.460716,1.229695,100.0,100.0
2019/01/20,1.452155,2.068672,1.333360,100.0,100.0
2019/01/21,1.342646,1.409946,1.251158,100.0,100.0
2019/01/22,1.263038,1.322487,1.178477,100.0,100.0
2019/01/23,1.219032,1.383596,1.125576,100.0,100.0
2019/01/24,1.258020,1.615045,1.163618,100.0,100.0
2019/01/25,1.330881,2.101876,1.125576,100.0,100.0
2019/01/26,1.267615,1.829910,1.104548,100.0,100.0
2019/01/27,1.452543,1.813733,1.123470,100.0,100.0
2019/01/28,1.340375,1.552060,1.142453,100.0,100.0
2019/01/29,1.458217,2.264571,1.206168,100.0,100.0
2019/01/30,1.386629,1.871632,1.236126,100.0,100.0
2019/01/31,1.305509,1.572253,1.195503,100.0,100.0
2019/02/01,1.408984,1.594747,1.218990,100.0,100.0
2019/02/02,1.417463,1.597000,1.223270,100.0,100.0
2019/02/03,1.407163,1.976718,1.261917,100.0,100.0
2019/02/04,1.312113,1.352975,1.268380,100.0,100.0
2019/02/05,1.475203,1.699002,1.270536,100.0,100.0
2019/02/06,1.633711,2.250123,1.225411,100.0,100.0
2019/02/07,1.422812,1.979066,1.223270,100.0,100.0
2019/02/08,1.332439,1.899547,1.272693,100.0,100.0
2019/02/09,1.306867,1.331184,1.277008,100.0,100.0
2019/02/10,1.305593,1.359526,1.268380,100.0,100.0
2019/02/11,1.318561,1.394564,1.266225,100.0,100.0
2019/02/12,1.495709,2.238096,1.287808,100.0,100.0
2019/02/13,1.635937,1.925205,1.279167,100.0,100.0
2019/02/14,1.647838,1.925205,1.227552,100.0,100.0
2019/02/15,1.498013,1.846113,1.153026,100.0,100.0
2019/02/16,1.488295,1.864666,1.169981,100.0,100.0
2019/02/17,1.516665,1.869309,1.150910,100.0,100.0
2019/02/18,1.461362,1.820662,1.163618,100.0,100.0
2019/02/19,1.446187,1.730981,1.214713,100.0,100.0
2019/02/20,1.516119,1.809117,1.240418,100.0,100.0
2019/02/21,1.515528,1.841481,1.199767,100.0,100.0
2019/02/22,1.545817,2.173365,1.197634,100.0,100.0
2019/02/23,1.461510,1.758483,1.197634,100.0,100.0
2019/02/24,1.730450,2.500573,1.289971,100.0,100.0
2019/02/25,2.718394,3.433700,2.238096,100.0,100.0
2019/02/26,2.033415,2.813616,1.628604,100.0,100.0
2019/02/27,2.004644,2.223680,1.802196,100.0,100.0
2019/02/28,1.532186,1.894889,1.277008,100.0,100.0
2019/03/01,1.408268,1.567761,1.285647,100.0,100.0
2019/03/02,1.885787,2.310442,1.394564,100.0,100.0
2019/03/03,1.437506,1.908869,1.174228,100.0,100.0
2019/03/04,1.175537,1.218990,1.123470,100.0,100.0
2019/03/05,1.228511,1.694443,1.098254,100.0,100.0
2019/03/06,1.288855,1.676231,1.010881,100.0,100.0
2019/03/07,1.106604,1.904207,1.035702,100.0,100.0
2019/03/08,1.107328,1.189113,1.006756,100.0,100.0
2019/03/09,1.043515,1.106647,0.965680,100.0,100.0
2019/03/10,1.206008,1.721833,1.062721,100.0,100.0
2019/03/11,1.329133,1.728693,1.068976,100.0,100.0
2019/03/12,1.336974,2.291106,1.144566,100.0,100.0
2019/03/13,1.315777,1.855385,1.110848,100.0,100.0
2019/03/14,1.282293,1.538626,1.054394,100.0,100.0
2019/03/15,1.240850,1.458501,1.037776,100.0,100.0
2019/03/16,1.219482,1.440808,1.008818,100.0,100.0
2019/03/17,1.254765,1.781464,1.073149,100.0,100.0
2019/03/18,1.247283,1.438600,1.008818,100.0,100.0
2019/03/19,1.266316,1.502914,1.004694,100.0,100.0
2019/03/20,1.349273,1.710410,1.060638,100.0,100.0
2019/03/21,1.434154,1.993163,1.073149,100.0,100.0
2019/03/22,1.902272,3.311437,1.197634,100.0,100.0
2019/03/23,1.791028,2.453994,1.458501,100.0,100.0
2019/03/24,1.548494,2.310442,1.324661,100.0,100.0
2019/03/25,1.662369,2.156643,1.431977,100.0,100.0
2019/03/26,1.351312,2.271802,1.119259,100.0,100.0
2019/03/27,1.163548,1.249009,1.102449,100.0,100.0
2019/03/28,1.140348,1.377023,1.039850,100.0,100.0
2019/03/29,1.246589,2.446655,1.079415,100.0,100.0
2019/03/30,1.206034,1.368269,1.081505,100.0,100.0
2019/03/31,1.508215,2.078148,1.305126,100.0,100.0
2019/04/01,1.297972,1.786067,0.975918,100.0,100.0
2019/04/02,1.211872,2.230885,1.002633,100.0,100.0
2019/04/03,1.916382,2.705989,1.552060,100.0,100.0
2019/04/04,1.928274,2.510401,1.536390,100.0,100.0
2019/04/05,2.086398,3.635816,1.485118,100.0,100.0
2019/04/06,2.132545,2.780993,1.637655,100.0,100.0
2019/04/07,1.718817,2.035571,1.534154,100.0,100.0
2019/04/08,1.521552,1.651250,1.414347,100.0,100.0
2019/04/09,1.550154,2.539928,1.324661,100.0,100.0
2019/04/10,1.461144,1.637655,1.309462,100.0,100.0
2019/04/11,1.332510,1.565516,1.058556,100.0,100.0
2019/04/12,1.185171,1.355158,1.025346,100.0,100.0
2019/04/13,1.232635,1.462931,1.123470,95.8,91.7
2019/04/14,1.316109,1.462931,1.157261,100.0,100.0
2019/04/15,1.302885,1.487340,1.193372,100.0,100.0
2019/04/16,1.220896,1.238272,1.199767,100.0,100.0
2019/04/17,1.230275,1.642184,1.197634,100.0,100.0
2019/04/18,1.345248,2.019059,1.182729,100.0,100.0
2019/04/19,1.397481,1.423157,1.381404,100.0,100.0
2019/04/20,1.544727,2.180540,1.374834,100.0,100.0
2019/04/21,1.584599,1.832223,1.348612,100.0,100.0
2019/04/22,1.725078,2.434432,1.418751,100.0,100.0
2019/04/23,1.856183,2.197297,1.556543,100.0,100.0
2019/04/24,2.550705,3.026147,1.730981,100.0,100.0
2019/04/25,2.244147,2.720958,1.836851,100.0,100.0
2019/04/26,1.756825,2.097126,1.425361,100.0,100.0
2019/04/27,1.756533,2.334655,1.454074,100.0,100.0
2019/04/28,1.764479,2.132798,1.487340,100.0,100.0
2019/04/29,1.664005,1.883253,1.469580,100.0,100.0
2019/04/30,1.746839,1.906538,1.587992,100.0,100.0
2019/05/01,1.715084,2.014346,1.416549,100.0,100.0
2019/05/02,1.715809,2.298354,1.451861,100.0,100.0
2019/05/03,1.763493,2.019059,1.494011,100.0,100.0
2019/05/04,1.721024,1.869309,1.563272,100.0,100.0
2019/05/05,1.997852,2.410023,1.834536,100.0,100.0
2019/05/06,2.294906,2.806081,1.749306,100.0,100.0
2019/05/07,2.477630,2.626424,2.185325,98.6,100.0
2019/05/08,2.211268,2.434432,1.963943,100.0,100.0
2019/05/09,2.091784,2.665063,1.956912,100.0,100.0
2019/05/10,2.108626,2.494585,1.949885,100.0,100.0
2019/05/11,1.914311,2.025083,1.838130,100.0,100.0
2019/05/12,1.572052,1.900837,1.323673,97.2,95.8
2019/05/13,1.790074,2.607997,1.386987,100.0,100.0
2019/05/14,4.217950,5.558633,2.360276,100.0,100.0
2019/05/15,3.422681,3.764446,3.104216,100.0,100.0
2019/05/16,2.600282,3.176063,2.143658,97.9,95.8
2019/05/17,2.043643,2.153199,1.959255,100.0,100.0
2019/05/18,1.915723,2.008587,1.780433,100.0,100.0
2019/05/19,2.260350,2.999588,1.838130,97.9,95.8
2019/05/20,2.311383,2.588203,2.096072,100.0,100.0
2019/05/21,2.100594,2.391892,1.900837,100.0,100.0
2019/05/22,1.641913,1.942864,1.356351,100.0,100.0
2019/05/23,1.491030,1.589229,1.422159,100.0,100.0
2019/05/24,2.212419,2.994502,1.468578,100.0,100.0
2019/05/25,2.123611,2.575847,1.966288,100.0,100.0
2019/05/26,3.626858,5.285028,2.501951,100.0,100.0
2019/05/27,2.268734,2.657606,2.025083,100.0,100.0
2019/05/28,1.979392,2.046330,1.893849,95.1,91.7
2019/05/29,2.415393,2.754857,1.896178,100.0,100.0
2019/05/30,2.488253,2.622861,2.338435,100.0,100.0
2019/05/31,2.319313,2.675012,2.215417,100.0,100.0
2019/06/01,2.168159,2.285212,2.058153,100.0,100.0
2019/06/02,2.291094,2.543775,2.065253,98.6,95.8
2019/06/03,2.151755,2.292456,2.032161,100.0,100.0
2019/06/04,2.169081,2.637741,2.010942,100.0,100.0
2019/06/05,2.697999,2.931066,2.497040,100.0,100.0
2019/06/06,2.463830,2.717373,2.225019,100.0,100.0
2019/06/07,2.094401,2.246653,1.945204,100.0,100.0
2019/06/08,1.841768,2.227421,1.499681,100.0,100.0
2019/06/09,1.980146,2.384589,1.424363,100.0,100.0
2019/06/10,2.411837,2.694931,2.253873,99.3,100.0
2019/06/11,2.768167,3.624135,2.316633,97.2,95.8
2019/06/12,2.857924,3.325882,2.492130,100.0,100.0
2019/06/13,3.081534,3.706080,2.573378,99.3,100.0
2019/06/14,3.167443,3.924510,2.568439,100.0,100.0
2019/06/15,2.913737,3.315507,2.712383,100.0,100.0
2019/06/16,2.631369,2.789930,2.345711,98.6,95.8
2019/06/17,2.593807,2.692439,2.511780,100.0,100.0
2019/06/18,3.008344,3.479626,2.568439,100.0,100.0
2019/06/19,2.687784,2.933599,2.506865,98.6,100.0
2019/06/20,,,,59.0,58.3
2019/06/21,,,,,
2019/06/22,,,,,
2019/06/23,,,,,
2019/06/24,,,,,
2019/06/25,,,,,
2019/06/26,,,,,
2019/06/27,,,,,
2019/06/28,,,,,
2019/06/29,,,,,
2019/06/30,,,,,
2019/07/01,,,,,
2019/07/02,,,,,
2019/07/03,,,,,
2019/07/04,,,,,
2019/07/05,,,,,
2019/07/06,,,,,
2019/07/07,,,,,
2019/07/08,,,,,
2019/07/09,,,,,
2019/07/10,,,,,
2019/07/11,,,,,
2019/07/12,,,,,
2019/07/13,,,,,
2019/07/14,,,,,
2019/07/15,,,,,
2019/07/16,,,,,
2019/07/17,,,,,
2019/07/18,,,,,
2019/07/19,,,,,
2019/07/20,,,,,
2019/07/21,,,,,
2019/07/22,,,,,
2019/07/23,,,,,
2019/07/24,,,,,
2019/07/25,,,,,
2019/07/26,,,,,
2019/07/27,,,,,
2019/07/28,,,,,
2019/07/29,,,,,
2019/07/30,,,,,
2019/07/31,,,,,
2019/08/01,,,,,
2019/08/02,,,,,
2019/08/03,,,,,
2019/08/04,,,,,
2019/08/05,,,,,
2019/08/06,,,,,
2019/08/07,,,,,
2019/08/08,,,,,
2019/08/09,,,,,
2019/08/10,,,,,
2019/08/11,,,,,
2019/08/12,,,,,
2019/08/13,,,,,
2019/08/14,,,,,
2019/08/15,,,,,
2019/08/16,,,,,
2019/08/17,,,,,
2019/08/18,,,,,
2019/08/19,,,,,
2019/08/20,,,,,
2019/08/21,,,,,
2019/08/22,,,,44.4,41.7
2019/08/23,2.344994,2.479863,2.208221,100.0,100.0
2019/08/24,2.251786,2.338435,2.160361,100.0,100.0
2019/08/25,2.127435,2.210619,2.015654,100.0,100.0
2019/08/26,2.069026,2.122219,2.006233,100.0,100.0
2019/08/27,,,,71.5,66.7
2019/08/28,2.921219,3.305138,2.100822,98.6,95.8
2019/08/29,2.339749,2.670037,2.067620,100.0,100.0
2019/08/30,2.057144,2.146042,1.921828,100.0,100.0
2019/08/31,1.970491,2.051058,1.891521,100.0,100.0
2019/09/01,1.708566,2.010942,1.389180,100.0,100.0
2019/09/02,1.668303,2.025083,1.426568,100.0,100.0
2019/09/03,1.534502,1.980369,1.437600,100.0,100.0
2019/09/04,1.471948,1.506363,1.435392,100.0,100.0
2019/09/05,1.312355,1.481893,1.065935,100.0,100.0
2019/09/06,1.103925,2.141273,1.016127,100.0,100.0
2019/09/07,1.075043,1.137265,1.003748,100.0,100.0
2019/09/08,0.992858,1.207329,0.942293,100.0,100.0
2019/09/09,0.965928,0.995511,0.944329,100.0,100.0
2019/09/10,1.079446,1.734532,0.901743,100.0,100.0
2019/09/11,0.852200,0.917922,0.797966,100.0,100.0
2019/09/12,0.921873,1.411150,0.790086,100.0,100.0
2019/09/13,1.069543,1.504135,0.778293,100.0,100.0
2019/09/14,0.951330,1.109887,0.778293,100.0,100.0
2019/09/15,1.103640,1.704821,0.899725,100.0,100.0
2019/09/16,0.935827,1.038899,0.873565,100.0,100.0
2019/09/17,,,,69.4,66.7
2019/09/18,,,,,
2019/09/19,,,,,
2019/09/20,,,,,
2019/09/21,,,,,
2019/09/22,,,,,
2019/09/23,,,,,
2019/09/24,,,,,
2019/09/25,,,,,
2019/09/26,,,,,
2019/09/27,,,,,
2019/09/28,,,,,
2019/09/29,,,,,
2019/09/30,,,,,
2019/10/01,,,,,
2019/10/02,,,,,
2019/10/03,,,,,
2019/10/04,,,,,
2019/10/05,,,,,
2019/10/06,,,,,
2019/10/07,,,,,
2019/10/08,,,,,
2019/10/09,,,,,
2019/10/10,,,,,
2019/10/11,,,,,
2019/10/12,,,,,
2019/10/13,,,,,
2019/10/14,,,,,
2019/10/15,,,,,
2019/10/16,,,,,
2019/10/17,,,,,
2019/10/18,,,,,
2019/10/19,,,,,
2019/10/20,,,,,
2019/10/21,,,,29.2,29.2
2019/10/22,0.890262,1.780433,0.809815,100.0,100.0
2019/10/23,1.280611,3.380451,0.815752,100.0,100.0
2019/10/24,3.954679,5.087219,2.762365,100.0,100.0
2019/10/25,2.485558,2.804987,2.189052,100.0,100.0
2019/10/26,2.164488,2.290040,2.069988,100.0,100.0
2019/10/27,2.092176,2.210619,1.938185,100.0,100.0
2019/10/28,1.944152,2.067620,1.787338,100.0,100.0
2019/10/29,1.811070,1.886867,1.720807,98.6,95.8
2019/10/30,1.495439,1.796553,1.222294,100.0,100.0
2019/10/31,1.262607,1.312815,1.218015,97.2,95.8
2019/11/01,1.364068,2.022725,1.196662,100.0,100.0
2019/11/02,1.427149,1.835816,1.118297,100.0,100.0
2019/11/03,1.430827,2.225019,1.043050,97.2,95.8
2019/11/04,1.518106,1.801164,1.345441,100.0,100.0
2019/11/05,1.303350,1.404552,1.228718,89.6,87.5
2019/11/06,1.230019,1.271711,1.171135,100.0,100.0
2019/11/07,1.165144,1.233005,1.080547,100.0,100.0
2019/11/08,1.095992,1.116193,1.065935,100.0,100.0
2019/11/09,1.361769,1.821940,1.076368,100.0,100.0
2019/11/10,1.168932,1.638901,0.909826,100.0,100.0
2019/11/11,0.929974,0.974976,0.895691,100.0,100.0
2019/11/12,1.098974,1.833502,0.913872,100.0,100.0
2019/11/13,1.878383,2.617904,1.577982,100.0,100.0
2019/11/14,1.624544,2.077096,1.426568,100.0,100.0
2019/11/15,1.524477,1.638901,1.417754,95.8,91.7
2019/11/16,1.263878,1.459714,1.038899,100.0,100.0
2019/11/17,1.152034,1.521975,0.948404,100.0,100.0
2019/11/18,1.583312,2.435802,1.312815,100.0,100.0
2019/11/19,1.759019,2.323896,1.356351,100.0,100.0
2019/11/20,1.445070,1.691142,1.314985,95.8,91.7
2019/11/21,1.335208,1.459714,1.271711,100.0,100.0
2019/11/22,1.357537,1.510820,1.250179,100.0,100.0
2019/11/23,1.291053,1.391374,1.205194,100.0,100.0
2019/11/24,1.260995,1.391374,1.198794,100.0,100.0
2019/11/25,1.256974,1.362904,1.177507,100.0,100.0
2019/11/26,1.180366,1.205194,1.074280,73.6,70.8
2019/11/27,1.072790,1.226576,0.875572,100.0,100.0
2019/11/28,0.903926,1.059684,0.863543,100.0,100.0
2019/11/29,0.863433,0.889646,0.841574,100.0,100.0
2019/11/30,0.849889,0.879589,0.815752,100.0,100.0
2019/12/01,0.881412,0.903763,0.845560,93.8,91.7
2019/12/02,0.858647,0.877580,0.839582,100.0,100.0
2019/12/03,0.910738,1.847395,0.811793,100.0,100.0
2019/12/04,0.924687,1.263090,0.825665,100.0,100.0
2019/12/05,0.893279,1.028536,0.823680,100.0,100.0
2019/12/06,0.854584,0.895691,0.833612,100.0,100.0
2019/12/07,0.842051,0.861541,0.823680,100.0,100.0
2019/12/08,0.890177,1.295477,0.813772,82.6,83.3
2019/12/09,,,,68.1,66.7
2019/12/10,1.154780,1.271711,0.845560,100.0,100.0
2019/12/11,0.997936,1.211601,0.837591,100.0,100.0
2019/12/12,0.889083,0.944329,0.841574,93.8,91.7
2019/12/13,0.841409,0.883609,0.809815,100.0,100.0
2019/12/14,0.963345,1.200927,0.839582,100.0,100.0
2019/12/15,1.149429,1.284664,1.053440,100.0,100.0
2019/12/16,1.020208,1.074280,0.974976,100.0,100.0
2019/12/17,1.043445,1.258784,0.968832,93.8,91.7
2019/12/18,1.079292,1.245882,0.853544,100.0,100.0
2019/12/19,0.847644,1.028536,0.817733,100.0,100.0
2019/12/20,0.872332,1.205194,0.815752,100.0,100.0
2019/12/21,0.824408,0.851546,0.801912,100.0,100.0
2019/12/22,0.848293,0.883609,0.801912,100.0,100.0
2019/12/23,1.063165,1.450861,0.853544,100.0,100.0
2019/12/24,1.104778,1.373841,0.934155,100.0,100.0
2019/12/25,0.889681,0.940257,0.851546,100.0,100.0
2019/12/26,0.850903,0.875572,0.803886,89.6,87.5
2019/12/27,0.851531,0.873565,0.827650,100.0,100.0
2019/12/28,0.836545,0.851546,0.819714,100.0,100.0
2019/12/29,0.842173,0.885620,0.790086,100.0,100.0
2019/12/30,0.800465,0.819714,0.774370,100.0,100.0
2019/12/31,0.797838,0.837591,0.690964,91.0,87.5
2020/01/01,0.970319,1.568994,0.807838,100.0,100.0
2020/01/02,1.109363,1.433185,0.784185,100.0,100.0
2020/01/03,0.901237,0.946366,0.871559,95.1,91.7
2020/01/04,0.865686,0.895691,0.835601,100.0,100.0
2020/01/05,0.845777,0.865546,0.827650,100.0,100.0
2020/01/06,0.846769,0.863543,0.831624,100.0,100.0
2020/01/07,0.821062,0.979076,0.772410,100.0,100.0
2020/01/08,0.775370,0.794024,0.748963,93.8,91.7
2020/01/09,0.750508,0.809815,0.721785,93.8,91.7
2020/01/10,0.727558,0.741178,0.710197,100.0,100.0
2020/01/11,0.727593,0.750911,0.704417,100.0,100.0
2020/01/12,0.712772,0.723720,0.702492,100.0,100.0
2020/01/13,0.713624,0.733409,0.694803,100.0,100.0
2020/01/14,0.735081,0.792054,0.679473,93.1,91.7
2020/01/15,0.805260,1.164770,0.750911,100.0,100.0
2020/01/16,0.798393,0.815752,0.776331,100.0,100.0
2020/01/17,0.811423,0.835601,0.774370,100.0,100.0
2020/01/18,0.816415,0.843567,0.778293,100.0,100.0
2020/01/19,0.777553,0.792054,0.756763,100.0,100.0
2020/01/20,0.799485,0.823680,0.774370,79.9,79.2
2020/01/21,,,,66.0,66.7
2020/01/22,1.267793,2.043967,0.942293,100.0,100.0
2020/01/23,0.909591,1.336726,0.760669,100.0,100.0
2020/01/24,1.038510,1.666118,0.689046,91.7,91.7
2020/01/25,1.175175,1.319328,1.047203,100.0,100.0
2020/01/26,1.100218,1.263090,0.944329,100.0,100.0
2020/01/27,0.921318,0.968832,0.855542,100.0,100.0
2020/01/28,0.832593,0.865546,0.756763,88.9,87.5
2020/01/29,0.798188,1.209465,0.735350,100.0,100.0
2020/01/30,0.744754,0.821697,0.725656,100.0,100.0
2020/01/31,0.762552,1.748278,0.717918,100.0,100.0
2020/02/01,0.786872,0.887633,0.725656,100.0,100.0
2020/02/02,0.783464,0.851546,0.735350,94.4,91.7
2020/02/03,0.732054,0.758715,0.700568,100.0,100.0
2020/02/04,0.708681,0.797966,0.681386,100.0,100.0
2020/02/05,0.712158,1.128827,0.668020,100.0,100.0
2020/02/06,0.740909,1.725380,0.669926,99.3,100.0
2020/02/07,0.719220,0.745068,0.694803,100.0,100.0
2020/02/08,0.716552,0.747015,0.690964,100.0,100.0
2020/02/09,0.705532,0.733409,0.683300,100.0,100.0
2020/02/10,0.716695,0.745068,0.687130,100.0,100.0
2020/02/11,0.806571,1.652499,0.708269,100.0,100.0
2020/02/12,0.868128,1.286825,0.692883,100.0,100.0
2020/02/13,0.970875,1.308476,0.632001,100.0,100.0
2020/02/14,0.843246,1.282504,0.596372,100.0,100.0
2020/02/15,0.590052,0.632001,0.550110,100.0,100.0
2020/02/16,0.574302,0.587062,0.555623,100.0,100.0
2020/02/17,0.574287,0.601971,0.559304,100.0,100.0
2020/02/18,0.560833,0.739234,0.511817,100.0,100.0
2020/02/19,0.544285,0.968832,0.497371,100.0,100.0
2020/02/20,0.547812,1.228718,0.493771,100.0,100.0
2020/02/21,0.551431,0.974976,0.511817,100.0,100.0
2020/02/22,0.590475,0.833612,0.508198,100.0,100.0
2020/02/23,0.650011,0.702492,0.544607,100.0,100.0
2020/02/24,0.637240,0.901743,0.519070,100.0,100.0
2020/02/25,0.775599,1.643431,0.664211,100.0,100.0
2020/02/26,0.864468,1.966288,0.577781,100.0,100.0
2020/02/27,1.023095,1.755159,0.628232,100.0,100.0
2020/02/28,0.924498,1.325847,0.698645,100.0,100.0
2020/02/29,0.620994,0.698645,0.572226,100.0,100.0
2020/03/01,0.559233,0.581490,0.542775,100.0,100.0
2020/03/02,0.557446,0.587062,0.535459,100.0,100.0
2020/03/03,0.654573,1.310645,0.531809,100.0,100.0
2020/03/04,0.913722,1.426568,0.550110,100.0,100.0
2020/03/05,0.926716,1.356351,0.520886,100.0,100.0
2020/03/06,0.852867,1.306308,0.513628,100.0,100.0
2020/03/07,0.801358,1.040974,0.553784,100.0,100.0
2020/03/08,0.776419,1.043050,0.561147,100.0,100.0
2020/03/09,0.815928,1.319328,0.529985,100.0,100.0
2020/03/10,0.933772,1.455286,0.531809,100.0,100.0
2020/03/11,0.883918,1.310645,0.524522,100.0,100.0
2020/03/12,0.877924,1.304141,0.537287,100.0,100.0
2020/03/13,0.909487,1.343261,0.555623,100.0,100.0
2020/03/14,1.093520,1.437600,0.687130,100.0,100.0
2020/03/15,1.088959,1.334549,0.515441,100.0,100.0
2020/03/16,1.031100,1.330196,0.517255,100.0,100.0
2020/03/17,1.033701,1.493006,0.539115,100.0,100.0
2020/03/18,0.780616,1.109887,0.561147,100.0,100.0
2020/03/19,0.764678,1.080547,0.508198,100.0,100.0
2020/03/20,0.629840,1.349803,0.458061,100.0,100.0
2020/03/21,0.454883,0.472283,0.433376,100.0,100.0
2020/03/22,0.480861,0.747015,0.440402,100.0,100.0
2020/03/23,0.554824,0.919948,0.508198,100.0,100.0
2020/03/24,0.790987,1.645697,0.475852,100.0,100.0
2020/03/25,0.706826,0.936188,0.528163,100.0,100.0
2020/03/26,0.658226,0.851546,0.497371,100.0,100.0
2020/03/27,0.622898,0.815752,0.502779,100.0,100.0
2020/03/28,0.508050,0.515441,0.497371,100.0,100.0
2020/03/29,0.555745,1.218015,0.497371,100.0,100.0
2020/03/30,0.613829,0.662307,0.550110,100.0,100.0
2020/03/31,0.618474,0.637662,0.594507,100.0,100.0
2020/04/01,0.636796,0.801912,0.592644,100.0,100.0
2020/04/02,0.614097,0.666115,0.577781,100.0,100.0
2020/04/03,0.599298,1.349803,0.546440,100.0,100.0
2020/04/04,0.538766,0.827650,0.511817,100.0,100.0
2020/04/05,0.496394,0.519070,0.472283,100.0,100.0
2020/04/06,0.524554,0.622586,0.475852,100.0,100.0
2020/04/07,0.709739,1.771235,0.601971,100.0,100.0
2020/04/08,0.707550,1.256632,0.555623,100.0,100.0
2020/04/09,0.761955,1.515280,0.544607,100.0,100.0
2020/04/10,0.681929,0.966785,0.574076,100.0,100.0
2020/04/11,0.619395,0.647120,0.590782,100.0,100.0
2020/04/12,0.608043,0.643334,0.570376,100.0,100.0
2020/04/13,0.568384,0.581490,0.551946,100.0,100.0
2020/04/14,0.583051,0.725656,0.542775,100.0,100.0
2020/04/15,1.570769,2.692439,0.581490,100.0,100.0
2020/04/16,1.403046,1.935847,1.003748,100.0,100.0
2020/04/17,0.700319,1.001687,0.493771,100.0,100.0
2020/04/18,0.641520,1.408950,0.483004,100.0,100.0
2020/04/19,1.053596,1.314985,0.930092,100.0,100.0
2020/04/20,0.747062,0.946366,0.486588,100.0,100.0
2020/04/21,0.553786,1.627586,0.459834,100.0,100.0
2020/04/22,0.486061,0.645226,0.461609,100.0,100.0
2020/04/23,0.520302,0.572226,0.490177,100.0,100.0
2020/04/24,0.615060,0.845560,0.479426,100.0,100.0
2020/04/25,0.502652,0.557463,0.477638,100.0,100.0
2020/04/26,0.480515,0.495570,0.466940,100.0,100.0
2020/04/27,0.487131,0.497371,0.472283,100.0,100.0
2020/04/28,0.480846,0.654705,0.452749,100.0,100.0
2020/04/29,0.483480,0.881598,0.428121,100.0,100.0
2020/04/30,0.468512,1.043050,0.424624,100.0,100.0
2020/05/01,1.018717,1.718522,0.447449,100.0,100.0
2020/05/02,,,,15.3,12.5
2020/05/03,,,,,
2020/05/04,,,,,
2020/05/05,,,,,
2020/05/06,,,,,
2020/05/07,,,,,
2020/05/08,,,,,
2020/05/09,,,,,
2020/05/10,,,,,
2020/05/11,,,,,
2020/05/12,,,,,
2020/05/13,,,,,
2020/05/14,,,,,
2020/05/15,,,,,
2020/05/16,,,,,
2020/05/17,,,,,
2020/05/18,,,,,
2020/05/19,,,,,
2020/05/20,,,,,
2020/05/21,,,,,
2020/05/22,,,,,
2020/05/23,,,,,
2020/05/24,,,,,
2020/05/25,,,,,
2020/05/26,,,,,
2020/05/27,,,,,
2020/05/28,,,,,
2020/05/29,,,,,
2020/05/30,,,,,
2020/05/31,,,,,
2020/06/01,,,,,
2020/06/02,,,,,
2020/06/03,,,,,
2020/06/04,,,,,
2020/06/05,,,,,
2020/06/06,,,,,
2020/06/07,,,,,
2020/06/08,,,,,
2020/06/09,,,,,
2020/06/10,,,,,
2020/06/11,,,,,
2020/06/12,,,,,
2020/06/13,,,,,
2020/06/14,,,,,
2020/06/15,,,,,
2020/06/16,,,,,
2020/06/17,,,,,
2020/06/18,,,,,
2020/06/19,,,,,
2020/06/20,,,,,
2020/06/21,,,,,
2020/06/22,,,,,
2020/06/23,,,,,
2020/06/24,,,,,
2020/06/25,,,,,
2020/06/26,,,,,
2020/06/27,,,,,
2020/06/28,,,,,
2020/06/29,,,,,
2020/06/30,,,,,
2020/07/01,,,,,
2020/07/02,,,,,
2020/07/03,,,,,
2020/07/04,,,,,
2020/07/05,,,,,
2020/07/06,,,,,
2020/07/07,,,,,
2020/07/08,,,,,
2020/07/09,,,,,
2020/07/10,,,,,
2020/07/11,,,,,
2020/07/12,,,,,
2020/07/13,,,,,
2020/07/14,,,,,
2020/07/15,,,,,
2020/07/16,,,,,
2020/07/17,,,,,
2020/07/18,,,,,
2020/07/19,,,,,
2020/07/20,,,,,
2020/07/21,,,,,
2020/07/22,,,,,
2020/07/23,,,,,
2020/07/24,,,,,
2020/07/25,,,,,
2020/07/26,,,,,
2020/07/27,,,,,
2020/07/28,,,,,
2020/07/29,,,,,
2020/07/30,,,,,
2020/07/31,,,,,
2020/08/01,,,,,
2020/08/02,,,,,
2020/08/03,,,,,
2020/08/04,,,,,
2020/08/05,,,,,
2020/08/06,,,,,
2020/08/07,,,,,
2020/08/08,,,,,
2020/08/09,,,,,
2020/08/10,,,,,
2020/08/11,,,,,
2020/08/12,,,,,
2020/08/13,,,,,
2020/08/14,,,,,
2020/08/15,,,,,
2020/08/16,,,,,
2020/08/17,,,,,
2020/08/18,,,,,
2020/08/19,,,,,
2020/08/20,,,,,
2020/08/21,,,,,
2020/08/22,,,,,
2020/08/23,,,,,
2020/08/24,,,,,
2020/08/25,,,,,
2020/08/26,,,,,
2020/08/27,,,,,
2020/08/28,,,,,
2020/08/29,,,,,
2020/08/30,,,,,
2020/08/31,,,,,
2020/09/01,,,,,
2020/09/02,,,,,
2020/09/03,,,,,
2020/09/04,,,,,
2020/09/05,,,,,
2020/09/06,,,,,
2020/09/07,,,,,
2020/09/08,,,,,
2020/09/09,,,,,
2020/09/10,,,,,
2020/09/11,,,,,
2020/09/12,,,,,
2020/09/13,,,,,
2020/09/14,,,,,
2020/09/15,,,,,
2020/09/16,,,,,
2020/09/17,,,,,
2020/09/18,,,,,
2020/09/19,,,,,
2020/09/20,,,,,
2020/09/21,,,,,
2020/09/22,,,,,
2020/09/23,,,,,
2020/09/24,,,,,
2020/09/25,,,,,
2020/09/26,,,,,
2020/09/27,,,,,
2020/09/28,,,,,
2020/09/29,,,,,
2020/09/30,,,,,
2020/10/01,,,,,
2020/10/02,,,,,
2020/10/03,,,,,
2020/10/04,,,,,
2020/10/05,,,,,
2020/10/06,,,,,
2020/10/07,,,,,
2020/10/08,,,,,
2020/10/09,,,,,
2020/10/10,,,,,
2020/10/11,,,,,
2020/10/12,,,,,
2020/10/13,,,,,
2020/10/14,,,,23.6,20.8
2020/10/15,0.629623,0.650910,0.550110,100.0,100.0
2020/10/16,0.728408,0.932123,0.607580,100.0,100.0
2020/10/17,0.898883,0.962695,0.788118,100.0,100.0
2020/10/18,0.762792,0.859541,0.690964,100.0,100.0
2020/10/19,0.720474,0.829637,0.668020,100.0,100.0
2020/10/20,0.801285,1.632111,0.666115,100.0,100.0
2020/10/21,0.732427,1.065935,0.643334,100.0,100.0
2020/10/22,0.671108,0.692883,0.635774,100.0,100.0
2020/10/23,0.615204,0.639552,0.583346,100.0,100.0
2020/10/24,0.582688,0.596372,0.562990,100.0,100.0
2020/10/25,0.562510,0.587062,0.537287,100.0,100.0
2020/10/26,0.557137,0.689046,0.535459,100.0,100.0
2020/10/27,0.635755,0.823680,0.562990,100.0,100.0
2020/10/28,0.626133,0.981128,0.557463,100.0,100.0
2020/10/29,0.629674,1.084730,0.540944,100.0,100.0
2020/10/30,0.599169,0.620707,0.570376,100.0,100.0
2020/10/31,0.607796,1.260937,0.548274,100.0,100.0
2020/11/01,0.576827,0.626349,0.537287,100.0,100.0
2020/11/02,0.559759,1.001687,0.526342,100.0,100.0
2020/11/03,0.652631,1.668390,0.535459,100.0,100.0
2020/11/04,0.580287,0.948404,0.524522,100.0,100.0
2020/11/05,0.525379,0.548274,0.513628,100.0,100.0
2020/11/06,0.560833,0.647120,0.515441,100.0,100.0
2020/11/07,0.572504,0.685214,0.504584,100.0,100.0
2020/11/08,0.519307,0.539115,0.504584,100.0,100.0
2020/11/09,0.511828,0.528163,0.488382,100.0,100.0
2020/11/10,0.496173,0.660405,0.466940,100.0,100.0
2020/11/11,0.552979,1.095198,0.459834,100.0,100.0
2020/11/12,0.592510,1.239440,0.461609,100.0,100.0
2020/11/13,0.568378,0.647120,0.537287,100.0,100.0
2020/11/14,0.674506,0.948404,0.537287,100.0,100.0
2020/11/15,0.816190,1.022328,0.671834,100.0,100.0
2020/11/16,0.762642,0.885620,0.704417,100.0,100.0
2020/11/17,1.032898,2.234629,0.660405,100.0,100.0
2020/11/18,1.088391,1.805777,0.613199,100.0,100.0
2020/11/19,0.899361,1.149944,0.750911,100.0,100.0
2020/11/20,1.234428,3.653172,0.719851,100.0,100.0
2020/11/21,3.617586,4.809977,2.593149,100.0,100.0
2020/11/22,2.058016,2.583260,1.789641,100.0,100.0
2020/11/23,1.853660,1.940524,1.766639,100.0,100.0
2020/11/24,1.447257,1.893849,1.070106,100.0,100.0
2020/11/25,0.888247,1.091008,0.626349,100.0,100.0
2020/11/26,0.617691,0.893675,0.517255,100.0,100.0
2020/11/27,1.556104,2.717373,0.913872,100.0,100.0
2020/11/28,2.111999,2.764869,1.861308,100.0,100.0
2020/11/29,1.380717,2.010942,0.788118,100.0,100.0
2020/11/30,0.785530,0.839582,0.745068,100.0,100.0
2020/12/01,0.956411,1.647964,0.704417,100.0,100.0
2020/12/02,1.956978,2.692439,1.265244,100.0,100.0
2020/12/03,1.856812,2.110326,1.700259,100.0,100.0
2020/12/04,1.314780,1.736822,1.022328,100.0,100.0
2020/12/05,0.823532,1.053440,0.673742,100.0,100.0
2020/12/06,0.742989,0.803886,0.706342,100.0,100.0
2020/12/07,0.671998,0.715987,0.632001,100.0,100.0
2020/12/08,0.664149,0.721785,0.626349,100.0,100.0
2020/12/09,0.655471,1.080547,0.605709,100.0,100.0
2020/12/10,0.692545,1.623065,0.605709,100.0,100.0
2020/12/11,0.754201,0.829637,0.694803,100.0,100.0
2020/12/12,0.827544,0.907804,0.696723,100.0,100.0
2020/12/13,0.804551,0.887633,0.725656,100.0,100.0
2020/12/14,0.714090,0.743123,0.677562,100.0,100.0
2020/12/15,0.774519,1.566749,0.681386,100.0,100.0
2020/12/16,0.702785,1.222294,0.537287,100.0,100.0
2020/12/17,0.599276,0.637662,0.564835,100.0,100.0
2020/12/18,0.630950,0.652807,0.601971,100.0,100.0
2020/12/19,0.615798,0.641442,0.594507,100.0,100.0
2020/12/20,0.619232,0.652807,0.594507,100.0,100.0
2020/12/21,0.646744,1.237294,0.611325,100.0,100.0
2020/12/22,0.635637,0.928061,0.607580,100.0,100.0
2020/12/23,0.588044,0.750911,0.528163,100.0,100.0
2020/12/24,0.632421,1.778133,0.546440,100.0,100.0
2020/12/25,0.566527,0.601971,0.548274,100.0,100.0
2020/12/26,0.597081,0.723720,0.548274,100.0,100.0
2020/12/27,0.594145,0.664211,0.535459,100.0,100.0
2020/12/28,0.564616,0.630116,0.531809,100.0,100.0
2020/12/29,0.679936,1.919494,0.528163,100.0,100.0
2020/12/30,0.745589,1.057602,0.588922,100.0,100.0
2020/12/31,0.585891,0.774370,0.557463,100.0,100.0
2021/01/01,0.601383,1.461929,0.551946,100.0,100.0
2021/01/02,0.609004,0.666115,0.562990,100.0,100.0
2021/01/03,0.595033,0.630116,0.577781,100.0,100.0
2021/01/04,0.594087,0.635774,0.568528,100.0,100.0
2021/01/05,0.754606,1.380411,0.624467,100.0,100.0
2021/01/06,0.720094,1.051360,0.647120,100.0,100.0
2021/01/07,0.822156,1.057602,0.583346,100.0,100.0
2021/01/08,0.983010,1.016127,0.960651,100.0,100.0
2021/01/09,0.977311,1.166891,0.863543,100.0,100.0
2021/01/10,1.089721,1.636637,0.954524,100.0,100.0
2021/01/11,1.740634,2.201029,1.082638,100.0,100.0
2021/01/12,1.882709,2.029801,1.785036,100.0,100.0
2021/01/13,1.726980,1.803470,1.632111,100.0,100.0
2021/01/14,1.097055,1.684310,0.677562,100.0,100.0
2021/01/15,0.641321,0.681386,0.588922,100.0,100.0
2021/01/16,0.580890,0.600103,0.500975,100.0,100.0
2021/01/17,0.562884,0.585203,0.540944,100.0,100.0
2021/01/18,0.633500,0.883609,0.533634,100.0,100.0
2021/01/19,0.910186,1.450861,0.869554,100.0,100.0
2021/01/20,0.723883,1.022328,0.517255,100.0,100.0
2021/01/21,0.504479,0.671834,0.452749,100.0,100.0
2021/01/22,0.776022,1.417754,0.454519,100.0,100.0
2021/01/23,1.144903,1.428773,0.944329,100.0,100.0
2021/01/24,0.964835,1.009934,0.921975,100.0,100.0
2021/01/25,0.860041,0.936188,0.581490,100.0,100.0
2021/01/26,0.668285,1.602747,0.581490,100.0,100.0
2021/01/27,0.615698,0.649015,0.570376,100.0,100.0
2021/01/28,0.595722,0.708269,0.570376,100.0,100.0
2021/01/29,0.619514,0.696723,0.587062,100.0,100.0
2021/01/30,0.595799,0.615074,0.579635,100.0,100.0
2021/01/31,0.605084,1.269555,0.553784,100.0,100.0
2021/02/01,0.582613,0.611325,0.555623,100.0,100.0
2021/02/02,0.639714,1.276026,0.528163,100.0,100.0
2021/02/03,0.517307,0.539115,0.486588,100.0,100.0
2021/02/04,0.560321,0.979076,0.490177,100.0,100.0
2021/02/05,0.607042,0.669926,0.564835,100.0,100.0
2021/02/06,0.595706,0.683300,0.533634,100.0,100.0
2021/02/07,0.558971,0.643334,0.510007,100.0,100.0
2021/02/08,0.539055,0.607580,0.508198,100.0,100.0
2021/02/09,0.708119,1.605002,0.524522,100.0,100.0
2021/02/10,1.276738,2.006233,0.987287,100.0,100.0
2021/02/11,0.859220,0.997569,0.581490,100.0,100.0
2021/02/12,0.572033,0.588922,0.548274,100.0,100.0
2021/02/13,0.562473,0.581490,0.537287,100.0,100.0
2021/02/14,0.557880,0.626349,0.524522,100.0,100.0
2021/02/15,0.637052,0.809815,0.537287,100.0,100.0
2021/02/16,0.861009,1.273868,0.664211,100.0,100.0
2021/02/17,0.843932,1.332372,0.639552,100.0,100.0
2021/02/18,0.605402,0.702492,0.524522,100.0,100.0
2021/02/19,0.567358,0.815752,0.522703,100.0,100.0
2021/02/20,1.377327,1.875241,0.624467,100.0,100.0
2021/02/21,1.614925,2.413828,1.093103,100.0,100.0
2021/02/22,1.732409,2.292456,1.347622,100.0,100.0
2021/02/23,1.028666,1.938185,0.690964,100.0,100.0
2021/02/24,0.670792,0.696723,0.633887,100.0,100.0
2021/02/25,0.907316,1.477452,0.628232,100.0,100.0
2021/02/26,1.182405,1.457500,0.881598,100.0,100.0
2021/02/27,0.924658,1.057602,0.825665,100.0,100.0
2021/02/28,0.866668,1.351985,0.679473,100.0,100.0
2021/03/01,1.559011,3.178635,0.762623,100.0,100.0
2021/03/02,1.976497,2.553635,1.638901,100.0,100.0
2021/03/03,1.700340,2.384589,1.235149,100.0,100.0
2021/03/04,2.724893,3.618860,1.886867,100.0,100.0
2021/03/05,2.157761,2.772383,1.506363,100.0,100.0
2021/03/06,1.617242,2.138890,1.267399,100.0,100.0
2021/03/07,1.396042,1.457500,1.338904,100.0,100.0
2021/03/08,1.074230,1.378220,0.672093,100.0,100.0
2021/03/09,0.742663,1.520072,0.647377,100.0,100.0
2021/03/10,1.017764,2.853178,0.589172,100.0,100.0
2021/03/11,2.587777,3.842103,1.919849,100.0,100.0
2021/03/12,2.058289,2.380104,1.801511,100.0,100.0
2021/03/13,2.198087,2.725262,1.753210,100.0,100.0
2021/03/14,2.210162,2.888489,1.776179,100.0,100.0
2021/03/15,1.974412,2.494973,1.627922,100.0,100.0
2021/03/16,1.841513,2.576240,1.345758,100.0,100.0
2021/03/17,1.961137,2.556493,1.542423,100.0,100.0
2021/03/18,2.699452,3.810119,1.641503,85.4,83.3
2021/03/19,,,,,
2021/03/20,,,,,
2021/03/21,,,,,
2021/03/22,,,,,
2021/03/23,,,,,
2021/03/24,,,,,
2021/03/25,,,,,
2021/03/26,,,,,
2021/03/27,,,,,
2021/03/28,,,,,
2021/03/29,,,,,
2021/03/30,,,,,
2021/03/31,,,,,
2021/04/01,,,,,
2021/04/02,,,,,
2021/04/03,,,,,
2021/04/04,,,,,
2021/04/05,,,,,
2021/04/06,,,,,
2021/04/07,,,,,
2021/04/08,,,,,
2021/04/09,,,,,
2021/04/10,,,,,
2021/04/11,,,,,
2021/04/12,,,,,
2021/04/13,,,,,
2021/04/14,,,,,
2021/04/15,,,,,
2021/04/16,,,,,
2021/04/17,,,,,
2021/04/18,,,,,
2021/04/19,,,,,
2021/04/20,,,,,
2021/04/21,,,,,
2021/04/22,,,,,
2021/04/23,,,,,
2021/04/24,,,,,
2021/04/25,,,,,
2021/04/26,,,,,
2021/04/27,,,,,
2021/04/28,,,,,
2021/04/29,,,,,
2021/04/30,,,,,
2021/05/01,,,,,
2021/05/02,,,,,
2021/05/03,,,,,
2021/05/04,,,,,
2021/05/05,,,,,
2021/05/06,,,,,
2021/05/07,,,,,
2021/05/08,,,,,
2021/05/09,,,,,
2021/05/10,,,,,
2021/05/11,,,,,
2021/05/12,,,,,
2021/05/13,,,,,
2021/05/14,,,,,
2021/05/15,,,,,
2021/05/16,,,,,
2021/05/17,,,,,
2021/05/18,,,,,
2021/05/19,,,,,
2021/05/20,,,,,
2021/05/21,,,,,
2021/05/22,,,,,
2021/05/23,,,,,
2021/05/24,,,,,
2021/05/25,,,,,
2021/05/26,,,,,
2021/05/27,,,,,
2021/05/28,,,,,
2021/05/29,,,,,
2021/05/30,,,,,
2021/05/31,,,,,
2021/06/01,,,,,
2021/06/02,,,,,
2021/06/03,,,,29.9,29.2
2021/06/04,0.633088,0.712389,0.528406,100.0,100.0
2021/06/05,0.735742,1.162953,0.617204,100.0,100.0
2021/06/06,0.947874,1.919849,0.617204,100.0,100.0
2021/06/07,1.736100,1.850063,1.272023,100.0,100.0
2021/06/08,1.422345,1.709727,1.263401,100.0,100.0
2021/06/09,1.031714,1.796900,0.672093,100.0,100.0
2021/06/10,0.679808,0.764847,0.643590,94.4,91.7
2021/06/11,0.690540,0.714319,0.666374,100.0,100.0
2021/06/12,0.654825,0.679734,0.622840,100.0,100.0
2021/06/13,1.968429,2.648066,0.651168,100.0,100.0
2021/06/14,1.790039,2.158342,1.560349,100.0,100.0
2021/06/15,1.828833,2.101188,1.555864,100.0,100.0
2021/06/16,1.711609,1.992476,1.533475,100.0,100.0
2021/06/17,1.180894,1.607593,0.960937,100.0,100.0
2021/06/18,1.017035,1.059979,0.952769,100.0,100.0
2021/06/19,1.863154,2.653033,0.942578,100.0,100.0
2021/06/20,2.882480,3.621941,2.290417,100.0,100.0
2021/06/21,3.434021,4.349729,2.600965,100.0,100.0
2021/06/22,2.062555,2.640618,1.847745,100.0,100.0
2021/06/23,2.005020,2.365515,1.771581,100.0,100.0
2021/06/24,1.736456,1.954926,1.585062,100.0,100.0
2021/06/25,1.308231,1.641503,0.954810,100.0,100.0
2021/06/26,1.155043,1.553622,0.944614,100.0,100.0
2021/06/27,1.113373,1.605337,0.827925,100.0,100.0
2021/06/28,0.965460,1.479998,0.804159,100.0,100.0
2021/06/29,0.992091,1.723436,0.689308,100.0,100.0
2021/06/30,1.814061,2.485156,0.714319,100.0,100.0
2021/07/01,2.293664,2.598490,1.936203,100.0,100.0
2021/07/02,1.509995,1.954926,1.051655,100.0,100.0
2021/07/03,0.842886,1.082935,0.677822,100.0,100.0
2021/07/04,0.910399,1.500009,0.718182,100.0,100.0
2021/07/05,0.741252,0.965026,0.600355,100.0,100.0
2021/07/06,0.642061,0.698907,0.602223,100.0,100.0
2021/07/07,0.692041,1.035044,0.634142,100.0,100.0
2021/07/08,0.831840,1.479998,0.634142,100.0,100.0
2021/07/09,1.240904,1.533475,0.729796,100.0,100.0
2021/07/10,1.423827,1.524537,1.323989,100.0,100.0
2021/07/11,1.395136,1.462254,1.337042,100.0,100.0
2021/07/12,1.271116,1.367595,0.983469,100.0,100.0
2021/07/13,0.803093,1.024689,0.656862,100.0,100.0
2021/07/14,0.705653,1.513378,0.639808,100.0,100.0
2021/07/15,0.648427,0.687391,0.620960,100.0,100.0
2021/07/16,0.718050,1.129127,0.615328,100.0,100.0
2021/07/17,1.064449,1.866302,0.651168,100.0,100.0
2021/07/18,2.874940,4.599687,1.661914,100.0,100.0
2021/07/19,4.193822,5.757435,2.797860,100.0,100.0
2021/07/20,2.355340,2.873345,1.964301,100.0,100.0
2021/07/21,1.740159,2.008947,1.515609,100.0,100.0
2021/07/22,1.927827,2.300081,1.567082,100.0,100.0
2021/07/23,1.884316,2.094064,1.696040,100.0,100.0
2021/07/24,1.807928,1.959612,1.668728,100.0,100.0
2021/07/25,1.553061,1.723436,1.415874,100.0,100.0
2021/07/26,1.698441,1.866302,1.446762,100.0,100.0
2021/07/27,1.741524,1.822289,1.634710,100.0,100.0
2021/07/28,1.318836,1.707445,0.995800,100.0,100.0
2021/07/29,1.017557,1.045420,0.983469,100.0,100.0
2021/07/30,1.007990,1.035044,0.979364,100.0,100.0
2021/07/31,0.987825,1.026758,0.930376,100.0,100.0
2021/08/01,0.847932,1.983076,0.695064,100.0,100.0
2021/08/02,1.621528,2.020728,0.710460,100.0,100.0
2021/08/03,1.734508,1.854700,1.224743,100.0,100.0
2021/08/04,1.193388,1.627922,0.902025,100.0,100.0
2021/08/05,0.849996,1.632447,0.591033,100.0,100.0
2021/08/06,0.671591,1.022620,0.579884,100.0,100.0
2021/08/07,0.688688,0.712389,0.656862,100.0,100.0
2021/08/08,0.685091,0.708532,0.653065,100.0,100.0
2021/08/09,0.684399,0.718182,0.654963,100.0,100.0
2021/08/10,0.743527,1.744038,0.561394,100.0,100.0
2021/08/11,0.633809,0.971166,0.548520,100.0,100.0
2021/08/12,0.586504,0.607832,0.563238,100.0,100.0
2021/08/13,0.600836,0.666374,0.546686,100.0,100.0
2021/08/14,0.542136,0.576177,0.492213,100.0,100.0
2021/08/15,0.519543,0.559551,0.494011,100.0,100.0
2021/08/16,0.730512,1.231170,0.548520,100.0,100.0
2021/08/17,0.980499,1.276338,0.727858,100.0,100.0
2021/08/18,0.731173,1.026758,0.645483,100.0,100.0
2021/08/19,0.659729,0.685475,0.637918,100.0,100.0
2021/08/20,0.677899,1.506691,0.535704,100.0,100.0
2021/08/21,0.517852,0.550356,0.479663,100.0,100.0
2021/08/22,0.546457,0.632256,0.485034,100.0,100.0
2021/08/23,0.566377,0.853821,0.528406,100.0,100.0
2021/08/24,0.629719,1.345758,0.499412,100.0,100.0
2021/08/25,0.575267,1.248340,0.494011,100.0,100.0
2021/08/26,0.491920,0.521128,0.461844,100.0,100.0
2021/08/27,0.486613,0.519312,0.461844,100.0,100.0
2021/08/28,1.274724,2.070353,0.499412,100.0,100.0
2021/08/29,1.158168,1.537948,0.841850,100.0,100.0
2021/08/30,0.968046,1.026758,0.914155,100.0,100.0
2021/08/31,1.074566,1.589563,0.902025,100.0,100.0
2021/09/01,0.985496,1.544662,0.600355,100.0,100.0
2021/09/02,1.421645,2.110693,0.598488,100.0,100.0
2021/09/03,1.145667,1.803817,0.798238,100.0,100.0
2021/09/04,0.826619,1.567082,0.782491,100.0,100.0
2021/09/05,0.624470,0.819988,0.477875,100.0,100.0
2021/09/06,2.781883,4.913738,0.513870,100.0,100.0
2021/09/07,4.323111,7.298494,2.640618,100.0,100.0
2021/09/08,2.538801,3.957134,1.968992,100.0,100.0
2021/09/09,1.792188,2.382537,1.540185,100.0,100.0
2021/09/10,1.453153,1.594067,1.321815,100.0,100.0
2021/09/11,1.360316,1.415874,1.293626,100.0,100.0
2021/09/12,1.463852,1.691482,1.293626,100.0,100.0
2021/09/13,1.490858,1.623401,1.321815,100.0,100.0
2021/09/14,1.172735,1.404873,0.893956,100.0,100.0
2021/09/15,0.921343,1.028829,0.865824,100.0,100.0
2021/09/16,0.923731,0.985522,0.847831,100.0,100.0
2021/09/17,0.902162,0.950729,0.843843,100.0,100.0
2021/09/18,0.872522,0.912131,0.827925,100.0,100.0
2021/09/19,0.866010,0.910108,0.819988,100.0,100.0
2021/09/20,0.869124,0.908086,0.825940,100.0,100.0
2021/09/21,0.911290,0.956851,0.835877,100.0,100.0
2021/09/22,1.207473,1.630185,0.873844,100.0,100.0
2021/09/23,1.108953,1.515609,0.788389,100.0,100.0
2021/09/24,0.770691,0.810088,0.727858,100.0,100.0
2021/09/25,0.936911,1.066230,0.751179,100.0,100.0
2021/09/26,0.815636,0.893956,0.745335,100.0,100.0
2021/09/27,0.735547,0.780526,0.689308,100.0,100.0
2021/09/28,0.696111,0.727858,0.662566,100.0,100.0
2021/09/29,0.773504,0.818006,0.716250,100.0,100.0
2021/09/30,0.912109,1.500009,0.780526,100.0,100.0
2021/10/01,0.805695,0.877859,0.766804,100.0,100.0
2021/10/02,0.774894,0.829912,0.727858,100.0,100.0
2021/10/03,0.763998,0.839858,0.708532,100.0,100.0
2021/10/04,0.717240,0.739500,0.696985,100.0,100.0
2021/10/05,0.811225,1.526770,0.681646,100.0,100.0
2021/10/06,0.687960,0.708532,0.666374,100.0,100.0
2021/10/07,0.675111,0.704679,0.647377,100.0,100.0
2021/10/08,0.653562,0.679734,0.626603,100.0,100.0
2021/10/09,0.639813,0.664469,0.613452,100.0,100.0
2021/10/10,0.809326,1.020552,0.620960,100.0,100.0
2021/10/11,0.783004,0.904044,0.691226,100.0,100.0
2021/10/12,0.702144,0.733675,0.674002,100.0,100.0
2021/10/13,0.589359,0.723985,0.409186,100.0,100.0
2021/10/14,0.557643,0.991686,0.409186,100.0,100.0
2021/10/15,0.696929,1.317471,0.397079,100.0,100.0
2021/10/16,0.955395,1.323989,0.753128,100.0,100.0
2021/10/17,0.733871,0.792326,0.672093,100.0,100.0
2021/10/18,0.680014,0.749230,0.645483,100.0,100.0
2021/10/19,0.741477,1.482219,0.634142,100.0,100.0
2021/10/20,0.569584,0.691226,0.412658,100.0,100.0
2021/10/21,0.817377,1.716579,0.477875,100.0,100.0
2021/10/22,0.846779,1.591815,0.501215,100.0,100.0
2021/10/23,0.625323,1.529005,0.465397,100.0,100.0
2021/10/24,0.975977,1.409271,0.788389,100.0,100.0
2021/10/25,1.076298,1.659644,0.814045,100.0,100.0
2021/10/26,1.792524,2.063249,1.540185,100.0,100.0
2021/10/27,1.138227,1.585062,0.729796,100.0,100.0
2021/10/28,0.995302,1.741747,0.747282,100.0,100.0
2021/10/29,1.240913,1.648301,0.772679,100.0,100.0
2021/10/30,0.750311,0.796266,0.704679,100.0,100.0
2021/10/31,0.625401,0.847831,0.428351,100.0,100.0
2021/11/01,0.978147,1.546901,0.664469,100.0,100.0
2021/11/02,1.398373,2.053786,1.095496,100.0,100.0
2021/11/03,0.986185,1.407072,0.733675,100.0,100.0
2021/11/04,0.723275,0.766804,0.675911,100.0,100.0
2021/11/05,0.537152,0.706605,0.397079,100.0,100.0
2021/11/06,0.405250,0.428351,0.385042,100.0,100.0
2021/11/07,0.393784,0.409186,0.383328,100.0,100.0
2021/11/08,0.386835,0.405720,0.369671,100.0,100.0
2021/11/09,0.427195,0.712389,0.371373,100.0,100.0
2021/11/10,0.397296,0.409186,0.379905,100.0,100.0
2021/11/11,0.455884,1.116493,0.376488,100.0,100.0
2021/11/12,0.419004,0.602223,0.379905,100.0,100.0
2021/11/13,0.524853,0.674002,0.391911,100.0,100.0
2021/11/14,0.475736,0.570625,0.403989,100.0,100.0
2021/11/15,0.408396,0.435362,0.349368,100.0,100.0
2021/11/16,0.478472,1.284977,0.374781,100.0,100.0
2021/11/17,0.431908,0.784456,0.352736,100.0,100.0
2021/11/18,0.371922,0.486827,0.335956,100.0,100.0
2021/11/19,0.546374,1.614364,0.339299,100.0,100.0
2021/11/20,1.148806,1.431302,0.971166,100.0,100.0
2021/11/21,0.880874,1.237603,0.465397,100.0,100.0
2021/11/22,0.444142,0.476089,0.414396,100.0,100.0
2021/11/23,0.399671,0.512058,0.354423,100.0,100.0
2021/11/24,0.393035,0.720116,0.342649,100.0,100.0
2021/11/25,0.523136,0.977314,0.344326,100.0,100.0
2021/11/26,0.793082,0.940542,0.702754,100.0,100.0
2021/11/27,0.514164,0.725921,0.366272,100.0,100.0
2021/11/28,0.366177,0.400531,0.337627,100.0,100.0
2021/11/29,0.412648,0.581740,0.340973,100.0,100.0
2021/11/30,0.645769,1.462254,0.485034,100.0,100.0
2021/12/01,0.524923,0.619082,0.444156,100.0,100.0
2021/12/02,0.446712,0.768761,0.334287,100.0,100.0
2021/12/03,0.344782,0.366272,0.330953,100.0,100.0
2021/12/04,0.338695,0.357801,0.327625,100.0,100.0
2021/12/05,0.347030,0.367971,0.335956,100.0,100.0
2021/12/06,0.335155,0.346005,0.320990,100.0,100.0
2021/12/07,0.333948,0.447683,0.316030,100.0,100.0
2021/12/08,0.373783,0.664469,0.316030,100.0,100.0
2021/12/09,0.390294,0.942578,0.322646,100.0,100.0
2021/12/10,0.329925,0.346005,0.306157,100.0,100.0
2021/12/11,0.336041,0.456524,0.301242,100.0,100.0
2021/12/12,0.446744,0.486827,0.373077,100.0,100.0
2021/12/13,0.390638,0.431854,0.357564,100.0,100.0
2021/12/14,0.682328,1.213734,0.424616,100.0,100.0
2021/12/15,0.685204,0.788097,0.566655,100.0,100.0
2021/12/16,0.497444,0.649009,0.367714,100.0,100.0
2021/12/17,0.895816,1.805819,0.355863,100.0,100.0
2021/12/18,1.511928,1.821970,1.299817,100.0,100.0
2021/12/19,1.373741,1.490804,1.280336,100.0,100.0
2021/12/20,1.058582,1.332373,0.731472,100.0,100.0
2021/12/21,0.752576,1.278218,0.626338,100.0,100.0
2021/12/22,0.523211,0.652779,0.352509,100.0,100.0
2021/12/23,0.384680,0.497350,0.304272,100.0,100.0
2021/12/24,0.300753,0.315777,0.284727,100.0,100.0
2021/12/25,0.301022,0.320768,0.286356,100.0,100.0
2021/12/26,0.393741,0.833588,0.291214,100.0,100.0
2021/12/27,0.451485,0.698628,0.322394,100.0,100.0
2021/12/28,0.416349,0.991380,0.312500,100.0,100.0
2021/12/29,0.389222,1.459760,0.278267,100.0,100.0
2021/12/30,0.282075,0.381361,0.262265,100.0,100.0
2021/12/31,0.275858,0.289620,0.259103,100.0,100.0
2022/01/01,0.269219,0.287987,0.259103,100.0,100.0
2022/01/02,0.261727,0.273452,0.251170,100.0,100.0
2022/01/03,0.259541,0.275069,0.251170,100.0,100.0
2022/01/04,0.294625,0.466945,0.237019,100.0,100.0
2022/01/05,0.363644,0.542778,0.235448,100.0,100.0
2022/01/06,0.323568,0.861549,0.232351,100.0,100.0
2022/01/07,0.240840,0.251170,0.224584,100.0,100.0
2022/01/08,0.238476,0.259103,0.226141,100.0,100.0
2022/01/09,0.263652,0.304272,0.229262,100.0,100.0
2022/01/10,0.265948,0.327405,0.226141,100.0,100.0
2022/01/11,0.347478,1.034755,0.232351,100.0,100.0
2022/01/12,0.303079,0.559277,0.252761,100.0,100.0
2022/01/13,0.257830,0.335705,0.237019,100.0,100.0
2022/01/14,0.244307,0.252761,0.237019,100.0,100.0
2022/01/15,0.234436,0.247994,0.221515,100.0,100.0
2022/01/16,0.224098,0.233918,0.216907,100.0,100.0
2022/01/17,0.227407,0.243285,0.213820,100.0,100.0
2022/01/18,0.229117,0.263869,0.212280,100.0,100.0
2022/01/19,0.270564,0.807846,0.215363,100.0,100.0
2022/01/20,0.277578,0.615084,0.227700,100.0,100.0
2022/01/21,0.223915,0.235448,0.212280,100.0,100.0
2022/01/22,0.244432,0.273452,0.216907,100.0,100.0
2022/01/23,0.255778,0.270264,0.238593,100.0,100.0
2022/01/24,0.246506,0.255908,0.233918,100.0,100.0
2022/01/25,0.354061,0.964756,0.237019,100.0,100.0
2022/01/26,0.329306,0.575916,0.275069,100.0,100.0
2022/01/27,0.315342,0.396836,0.267043,100.0,100.0
2022/01/28,0.319180,0.381361,0.289620,100.0,100.0
2022/01/29,0.294988,0.345777,0.276687,91.7,87.5
2022/01/30,0.282187,0.292851,0.273452,100.0,100.0
2022/01/31,0.322297,0.533622,0.275069,100.0,100.0
2022/02/01,0.405845,0.528162,0.286356,100.0,100.0
2022/02/02,0.372893,0.907808,0.238593,100.0,100.0
2022/02/03,0.278025,0.650918,0.219964,100.0,100.0
2022/02/04,0.226190,0.252761,0.213820,100.0,100.0
2022/02/05,0.316046,0.921970,0.232351,100.0,100.0
2022/02/06,0.516498,0.919930,0.246449,100.0,100.0
2022/02/07,0.308448,0.376243,0.257505,100.0,100.0
2022/02/08,0.351579,0.952471,0.254314,100.0,100.0
2022/02/09,0.316731,0.603823,0.259103,100.0,100.0
2022/02/10,0.252512,0.340755,0.238593,100.0,100.0
2022/02/11,0.256416,0.287987,0.241706,100.0,100.0
2022/02/12,0.258411,0.273452,0.241706,100.0,100.0
2022/02/13,0.247670,0.263869,0.227700,100.0,100.0
2022/02/14,0.241800,0.255908,0.230786,100.0,100.0
2022/02/15,0.320070,1.103617,0.224584,100.0,100.0
2022/02/16,0.268981,0.601942,0.210780,100.0,100.0
2022/02/17,0.214197,0.325733,0.197110,100.0,100.0
2022/02/18,0.241124,0.349119,0.209244,100.0,100.0
2022/02/19,0.319738,0.477623,0.224584,100.0,100.0
2022/02/20,0.352035,0.477623,0.249581,100.0,100.0
2022/02/21,0.306475,0.470484,0.251170,100.0,100.0
2022/02/22,0.436786,0.968823,0.254314,100.0,100.0
2022/02/23,0.296606,0.367714,0.247994,100.0,100.0
2022/02/24,0.328659,0.572190,0.257505,100.0,100.0
2022/02/25,0.245535,0.265475,0.227700,100.0,100.0
2022/02/26,0.237313,0.255908,0.226141,100.0,100.0
2022/02/27,,,,,
2022/02/28,,,,,
2022/03/01,,,,,
2022/03/02,,,,,
2022/03/03,,,,,
2022/03/04,,,,,
2022/03/05,,,,,
2022/03/06,,,,,
2022/03/07,,,,,
2022/03/08,,,,,
2022/03/09,,,,,
2022/03/10,,,,,
2022/03/11,,,,,
2022/03/12,,,,,
2022/03/13,,,,,
2022/03/14,,,,,
2022/03/15,,,,,
2022/03/16,,,,,
2022/03/17,,,,,
2022/03/18,,,,,
2022/03/19,,,,,
2022/03/20,,,,,
2022/03/21,,,,,
2022/03/22,,,,,
2022/03/23,,,,,
2022/03/24,,,,,
2022/03/25,,,,,
2022/03/26,,,,,
2022/03/27,,,,,
2022/03/28,,,,,
2022/03/29,,,,,
2022/03/30,,,,,
2022/03/31,,,,,
2022/04/01,,,,,
2022/04/02,,,,,
2022/04/03,,,,,
2022/04/04,,,,,
2022/04/05,,,,,
2022/04/06,,,,,
2022/04/07,,,,,
2022/04/08,,,,,
2022/04/09,,,,,
2022/04/10,,,,,
2022/04/11,,,,,
2022/04/12,,,,,
2022/04/13,,,,,
2022/04/14,,,,,
2022/04/15,,,,,
2022/04/16,,,,,
2022/04/17,,,,,
2022/04/18,,,,35.4,33.3
2022/04/19,0.788802,1.143997,0.485098,100.0,100.0
2022/04/20,1.388968,3.091989,0.718270,100.0,100.0
2022/04/21,1.966327,3.007774,1.427012,100.0,100.0
2022/04/22,,,,25.7,25.0
2022/04/23,,,,,
2022/04/24,,,,,
2022/04/25,,,,,
2022/04/26,,,,,
2022/04/27,,,,,
2022/04/28,,,,,
2022/04/29,,,,,
2022/04/30,,,,,
2022/05/01,,,,,
2022/05/02,,,,,
2022/05/03,,,,,
2022/05/04,,,,,
2022/05/05,,,,,
2022/05/06,,,,,
2022/05/07,,,,,
2022/05/08,,,,,
2022/05/09,,,,,
2022/05/10,,,,,
2022/05/11,,,,,
2022/05/12,,,,,
2022/05/13,,,,,
2022/05/14,,,,,
2022/05/15,,,,,
2022/05/16,,,,,
2022/05/17,,,,,
2022/05/18,,,,,
2022/05/19,,,,,
2022/05/20,,,,,
2022/05/21,,,,,
2022/05/22,,,,,
2022/05/23,,,,,
2022/05/24,,,,,
2022/05/25,,,,,
2022/05/26,,,,,
2022/05/27,,,,,
2022/05/28,,,,,
2022/05/29,,,,,
2022/05/30,,,,,
2022/05/31,,,,,
2022/06/01,,,,,
2022/06/02,,,,,
2022/06/03,,,,,
2022/06/04,,,,,
2022/06/05,,,,,
2022/06/06,,,,,
2022/06/07,,,,,
2022/06/08,,,,,
2022/06/09,,,,,
2022/06/10,,,,,
2022/06/11,,,,,
2022/06/12,,,,,
2022/06/13,,,,,
2022/06/14,,,,,
2022/06/15,,,,,
2022/06/16,,,,,
2022/06/17,,,,,
2022/06/18,,,,,
2022/06/19,,,,,
2022/06/20,,,,,
2022/06/21,,,,,
2022/06/22,,,,,
2022/06/23,,,,,
2022/06/24,,,,,
2022/06/25,,,,,
2022/06/26,,,,,
2022/06/27,,,,,
2022/06/28,,,,,
2022/06/29,,,,,
2022/06/30,,,,,
2022/07/01,,,,,
2022/07/02,,,,,
2022/07/03,,,,,
2022/07/04,,,,,
2022/07/05,,,,,
2022/07/06,,,,,
2022/07/07,,,,,
2022/07/08,,,,,
2022/07/09,,,,,
2022/07/10,,,,,
2022/07/11,,,,,
2022/07/12,,,,,
2022/07/13,,,,,
2022/07/14,,,,,
2022/07/15,,,,,
2022/07/16,,,,,
2022/07/17,,,,,
2022/07/18,,,,,
2022/07/19,,,,,
2022/07/20,,,,,
2022/07/21,,,,,
2022/07/22,,,,,
2022/07/23,,,,,
2022/07/24,,,,,
2022/07/25,,,,,
2022/07/26,,,,,
2022/07/27,,,,,
2022/07/28,,,,,
2022/07/29,,,,,
2022/07/30,,,,,
2022/07/31,,,,,
2022/08/01,,,,,
2022/08/02,,,,,
2022/08/03,,,,,
2022/08/04,,,,,
2022/08/05,,,,,
2022/08/06,,,,,
2022/08/07,,,,,
2022/08/08,,,,,
2022/08/09,,,,,
2022/08/10,,,,,
2022/08/11,,,,,
2022/08/12,,,,,
2022/08/13,,,,,
2022/08/14,,,,,
2022/08/15,,,,,
2022/08/16,,,,,
2022/08/17,,,,,
2022/08/18,,,,,
2022/08/19,,,,,
2022/08/20,,,,,
2022/08/21,,,,,
2022/08/22,,,,,
2022/08/23,,,,,
2022/08/24,,,,,
2022/08/25,,,,,
2022/08/26,,,,,
2022/08/27,,,,,
2022/08/28,,,,,
2022/08/29,,,,,
2022/08/30,,,,,
2022/08/31,,,,,
2022/09/01,,,,,
2022/09/02,,,,,
2022/09/03,,,,,
2022/09/04,,,,,
2022/09/05,,,,,
2022/09/06,,,,,
2022/09/07,,,,,
2022/09/08,,,,,
2022/09/09,,,,,
2022/09/10,,,,,
2022/09/11,,,,,
2022/09/12,,,,,
2022/09/13,,,,,
2022/09/14,,,,,
2022/09/15,,,,,
2022/09/16,,,,,
2022/09/17,,,,,
2022/09/18,,,,,
2022/09/19,,,,,
2022/09/20,,,,,
2022/09/21,,,,,
2022/09/22,,,,,
2022/09/23,,,,,
2022/09/24,,,,,
2022/09/25,,,,,
2022/09/26,,,,,
2022/09/27,,,,,
2022/09/28,,,,,
2022/09/29,,,,,
2022/09/30,,,,,
2022/10/01,,,,,
2022/10/02,,,,,
2022/10/03,,,,,
2022/10/04,,,,,
2022/10/05,,,,,
2022/10/06,,,,,
2022/10/07,,,,,
2022/10/08,,,,,
2022/10/09,,,,,
2022/10/10,,,,,
2022/10/11,,,,,
2022/10/12,,,,,
2022/10/13,,,,,
2022/10/14,,,,,
2022/10/15,,,,,
2022/10/16,,,,,
2022/10/17,,,,,
2022/10/18,,,,,
2022/10/19,,,,,
2022/10/20,,,,,
2022/10/21,,,,,
2022/10/22,,,,,
2022/10/23,,,,,
2022/10/24,,,,,
2022/10/25,,,,,
2022/10/26,,,,,
2022/10/27,,,,,
2022/10/28,,,,,
2022/10/29,,,,,
2022/10/30,,,,,
2022/10/31,,,,,
2022/11/01,,,,,
2022/11/02,,,,,
2022/11/03,,,,,
2022/11/04,,,,,
2022/11/05,,,,,
2022/11/06,,,,,
2022/11/07,,,,,
2022/11/08,,,,,
2022/11/09,,,,,
2022/11/10,,,,,
2022/11/11,,,,,
2022/11/12,,,,,
2022/11/13,,,,,
2022/11/14,,,,,
2022/11/15,,,,,
2022/11/16,,,,,
2022/11/17,,,,,
2022/11/18,,,,,
2022/11/19,,,,,
2022/11/20,,,,,
2022/11/21,,,,,
2022/11/22,,,,,
2022/11/23,,,,,
2022/11/24,,,,,
2022/11/25,,,,,
2022/11/26,,,,,
2022/11/27,,,,,
2022/11/28,,,,,
2022/11/29,,,,,
2022/11/30,,,,,
2022/12/01,,,,,
2022/12/02,,,,,
2022/12/03,,,,,
2022/12/04,,,,,
2022/12/05,,,,,
2022/12/06,,,,,
2022/12/07,,,,,
2022/12/08,,,,,
2022/12/09,,,,,
2022/12/10,,,,,
2022/12/11,,,,,
2022/12/12,,,,,
2022/12/13,,,,,
2022/12/14,,,,,
2022/12/15,,,,,
2022/12/16,,,,,
2022/12/17,,,,,
2022/12/18,,,,,
2022/12/19,,,,,
2022/12/20,,,,,
2022/12/21,,,,,
2022/12/22,,,,,
2022/12/23,,,,,
2022/12/24,,,,,
2022/12/25,,,,,
2022/12/26,,,,,
2022/12/27,,,,,
2022/12/28,,,,,
2022/12/29,,,,,
2022/12/30,,,,,
2022/12/31,,,,,
2023/01/01,,,,,
2023/01/02,,,,,
2023/01/03,,,,,
2023/01/04,,,,,
2023/01/05,,,,,
2023/01/06,,,,,
2023/01/07,,,,,
2023/01/08,,,,,
2023/01/09,,,,,
2023/01/10,,,,,
2023/01/11,,,,,
2023/01/12,,,,,
2023/01/13,,,,,
2023/01/14,,,,,
2023/01/15,,,,,
2023/01/16,,,,,
2023/01/17,,,,,
2023/01/18,,,,,
2023/01/19,,,,,
2023/01/20,,,,,
2023/01/21,,,,,
2023/01/22,,,,,
2023/01/23,,,,,
2023/01/24,,,,,
2023/01/25,,,,,
2023/01/26,,,,,
2023/01/27,,,,,
2023/01/28,,,,,
2023/01/29,,,,,
2023/01/30,,,,,
2023/01/31,,,,,
2023/02/01,,,,,
2023/02/02,,,,,
2023/02/03,,,,,
2023/02/04,,,,,
2023/02/05,,,,,
2023/02/06,,,,,
2023/02/07,,,,,
2023/02/08,,,,,
2023/02/09,,,,,
2023/02/10,,,,,
2023/02/11,,,,,
2023/02/12,,,,,
2023/02/13,,,,,
2023/02/14,,,,,
2023/02/15,,,,,
2023/02/16,,,,,
2023/02/17,,,,,
2023/02/18,,,,,
2023/02/19,,,,,
2023/02/20,,,,,
2023/02/21,,,,,
2023/02/22,,,,,
2023/02/23,,,,,
2023/02/24,,,,,
2023/02/25,,,,,
2023/02/26,,,,,
2023/02/27,,,,,
2023/02/28,,,,,
2023/03/01,,,,,
2023/03/02,,,,,
2023/03/03,,,,,
2023/03/04,,,,,
2023/03/05,,,,,
2023/03/06,,,,,
2023/03/07,,,,,
2023/03/08,,,,,
2023/03/09,,,,,
2023/03/10,,,,,
2023/03/11,,,,,
2023/03/12,,,,,
2023/03/13,,,,,
2023/03/14,,,,,
2023/03/15,,,,,
2023/03/16,,,,,
2023/03/17,,,,,
2023/03/18,,,,,
2023/03/19,,,,,
2023/03/20,,,,,
2023/03/21,,,,,
2023/03/22,,,,,
2023/03/23,,,,,
2023/03/24,,,,,
2023/03/25,,,,,
2023/03/26,,,,,
2023/03/27,,,,,
2023/03/28,,,,,
2023/03/29,,,,,
2023/03/30,,,,,
2023/03/31,,,,,
2023/04/01,,,,,
2023/04/02,,,,,
2023/04/03,,,,,
2023/04/04,,,,,
2023/04/05,,,,,
2023/04/06,,,,,
2023/04/07,,,,,
2023/04/08,,,,,
2023/04/09,,,,,
2023/04/10,,,,,
2023/04/11,,,,,
2023/04/12,,,,,
2023/04/13,,,,,
2023/04/14,,,,,
2023/04/15,,,,,
2023/04/16,,,,,
2023/04/17,,,,,
2023/04/18,,,,,
2023/04/19,,,,,
2023/04/20,,,,,
2023/04/21,,,,,
2023/04/22,,,,,
2023/04/23,,,,,
2023/04/24,,,,,
2023/04/25,,,,,
2023/04/26,,,,,
2023/04/27,,,,,
2023/04/28,,,,,
2023/04/29,,,,,
2023/04/30,,,,,
2023/05/01,,,,,
2023/05/02,,,,,
2023/05/03,,,,,
2023/05/04,,,,,
2023/05/05,,,,,
2023/05/06,,,,,
2023/05/07,,,,,
2023/05/08,,,,,
2023/05/09,,,,,
2023/05/10,,,,,
2023/05/11,,,,,
2023/05/12,,,,,
2023/05/13,,,,,
2023/05/14,,,,,
2023/05/15,,,,,
2023/05/16,,,,,
2023/05/17,,,,,
2023/05/18,,,,,
2023/05/19,,,,,
2023/05/20,,,,,
2023/05/21,,,,,
2023/05/22,,,,,
2023/05/23,,,,,
2023/05/24,,,,,
2023/05/25,,,,,
2023/05/26,,,,,
2023/05/27,,,,,
2023/05/28,,,,,
2023/05/29,,,,,
2023/05/30,,,,,
2023/05/31,,,,,
2023/06/01,,,,,
2023/06/02,,,,,
2023/06/03,,,,,
2023/06/04,,,,,
2023/06/05,,,,,
2023/06/06,,,,,
2023/06/07,,,,,
2023/06/08,,,,,
2023/06/09,,,,,
2023/06/10,,,,,
2023/06/11,,,,,
2023/06/12,,,,,
2023/06/13,,,,,
2023/06/14,,,,,
2023/06/15,,,,,
2023/06/16,,,,,
2023/06/17,,,,,
2023/06/18,,,,,
2023/06/19,,,,,
2023/06/20,,,,,
2023/06/21,,,,,
2023/06/22,,,,,
2023/06/23,,,,,
2023/06/24,,,,,
2023/06/25,,,,,
2023/06/26,,,,,
2023/06/27,,,,,
2023/06/28,,,,,
2023/06/29,,,,,
2023/06/30,,,,,
2023/07/01,,,,,
2023/07/02,,,,,
2023/07/03,,,,,
2023/07/04,,,,,
2023/07/05,,,,,
2023/07/06,,,,,
2023/07/07,,,,,
2023/07/08,,,,,
2023/07/09,,,,,
2023/07/10,,,,,
2023/07/11,,,,,
2023/07/12,,,,,
2023/07/13,,,,,
2023/07/14,,,,,
2023/07/15,,,,,
2023/07/16,,,,,
2023/07/17,,,,,
2023/07/18,,,,,
2023/07/19,,,,,
2023/07/20,,,,,
2023/07/21,,,,,
2023/07/22,,,,,
2023/07/23,,,,,
2023/07/24,,,,,
2023/07/25,,,,,
2023/07/26,,,,,
2023/07/27,,,,,
2023/07/28,,,,,
2023/07/29,,,,,
2023/07/30,,,,,
2023/07/31,,,,,
2023/08/01,,,,,
2023/08/02,,,,,
2023/08/03,,,,,
2023/08/04,,,,,
2023/08/05,,,,,
2023/08/06,,,,,
2023/08/07,,,,,
2023/08/08,,,,,
2023/08/09,,,,,
2023/08/10,,,,,
2023/08/11,,,,,
2023/08/12,,,,,
2023/08/13,,,,,
2023/08/14,,,,,
2023/08/15,,,,,
2023/08/16,,,,,
2023/08/17,,,,,
2023/08/18,,,,,
2023/08/19,,,,,
2023/08/20,,,,,
2023/08/21,,,,,
2023/08/22,,,,,
2023/08/23,,,,,
2023/08/24,,,,,
2023/08/25,,,,,
2023/08/26,,,,,
2023/08/27,,,,,
2023/08/28,,,,,
2023/08/29,,,,,
2023/08/30,,,,,
2023/08/31,,,,,
2023/09/01,,,,,
2023/09/02,,,,,
2023/09/03,,,,,
2023/09/04,,,,,
2023/09/05,,,,,
2023/09/06,,,,,
2023/09/07,,,,,
2023/09/08,,,,,
2023/09/09,,,,,
2023/09/10,,,,,
2023/09/11,,,,,
2023/09/12,,,,,
2023/09/13,,,,,
2023/09/14,,,,,
2023/09/15,,,,,
2023/09/16,,,,,
2023/09/17,,,,,
2023/09/18,,,,,
2023/09/19,,,,,
2023/09/20,,,,,
2023/09/21,,,,,
2023/09/22,,,,,
2023/09/23,,,,,
2023/09/24,,,,,
2023/09/25,,,,,
2023/09/26,,,,,
2023/09/27,,,,,
2023/09/28,,,,,
2023/09/29,,,,,
2023/09/30,,,,,
2023/10/01,,,,,
2023/10/02,,,,,
2023/10/03,,,,,
2023/10/04,,,,,
2023/10/05,,,,,
2023/10/06,,,,,
2023/10/07,,,,,
2023/10/08,,,,,
2023/10/09,,,,,
2023/10/10,,,,,
2023/10/11,,,,,
2023/10/12,,,,,
2023/10/13,,,,,
2023/10/14,,,,,
2023/10/15,,,,,
2023/10/16,,,,,
2023/10/17,,,,,
2023/10/18,,,,,
2023/10/19,,,,,
2023/10/20,,,,,
2023/10/21,,,,,
2023/10/22,,,,,
2023/10/23,,,,,
2023/10/24,,,,,
2023/10/25,,,,,
2023/10/26,,,,,
2023/10/27,,,,,
2023/10/28,,,,,
2023/10/29,,,,,
2023/10/30,,,,,
2023/10/31,,,,,
2023/11/01,,,,,
2023/11/02,,,,,
2023/11/03,,,,,
2023/11/04,,,,,
2023/11/05,,,,,
2023/11/06,,,,,
2023/11/07,,,,,
2023/11/08,,,,,
2023/11/09,,,,,
2023/11/10,,,,,
2023/11/11,,,,,
2023/11/12,,,,,
2023/11/13,,,,,
2023/11/14,,,,,
2023/11/15,,,,,
2023/11/16,,,,,
2023/11/17,,,,,
2023/11/18,,,,,
2023/11/19,,,,,
2023/11/20,,,,,
2023/11/21,,,,,
2023/11/22,,,,,
2023/11/23,,,,,
2023/11/24,,,,,
2023/11/25,,,,,
2023/11/26,,,,,
2023/11/27,,,,,
2023/11/28,,,,,
2023/11/29,,,,,
2023/11/30,,,,,
2023/12/01,,,,,
2023/12/02,,,,,
2023/12/03,,,,,
2023/12/04,,,,,
2023/12/05,,,,,
2023/12/06,,,,,
2023/12/07,,,,,
2023/12/08,,,,,
2023/12/09,,,,,
2023/12/10,,,,,
2023/12/11,,,,,
2023/12/12,,,,,
2023/12/13,,,,,
2023/12/14,,,,,
2023/12/15,,,,,
2023/12/16,,,,,
2023/12/17,,,,,
2023/12/18,,,,,
2023/12/19,,,,,
2023/12/20,,,,,
2023/12/21,,,,,
2023/12/22,,,,,
2023/12/23,,,,,
2023/12/24,,,,,
2023/12/25,,,,,
2023/12/26,,,,,
2023/12/27,,,,,
2023/12/28,,,,,
2023/12/29,,,,,
2023/12/30,,,,,
2023/12/31,,,,,
